-- Only MASTER data, no DIRTY database versions
-- 50 file versions

INSERT INTO DATABASEVERSION VALUES(0,'DEFAULT','MASTER',TIMESTAMP_WITH_ZONE(1389540369),'A','(A1)');
INSERT INTO DATABASEVERSION VALUES(1,'DEFAULT','MASTER',TIMESTAMP_WITH_ZONE(1389540369),'A','(A2)');
INSERT INTO DATABASEVERSION VALUES(2,'DEFAULT','MASTER',TIMESTAMP_WITH_ZONE(1389540369),'A','(A3)');
INSERT INTO DATABASEVERSION VALUES(3,'DEFAULT','MASTER',TIMESTAMP_WITH_ZONE(1389540369),'A','(A4)');
INSERT INTO DATABASEVERSION VALUES(4,'DEFAULT','MASTER',TIMESTAMP_WITH_ZONE(1389540369),'A','(A5)');
INSERT INTO DATABASEVERSION VALUES(5,'DEFAULT','MASTER',TIMESTAMP_WITH_ZONE(1389540369),'A','(A6)');
INSERT INTO DATABASEVERSION VALUES(6,'DEFAULT','MASTER',TIMESTAMP_WITH_ZONE(1389540370),'A','(A7)');
INSERT INTO DATABASEVERSION VALUES(7,'DEFAULT','MASTER',TIMESTAMP_WITH_ZONE(1389540370),'A','(A8)');
INSERT INTO DATABASEVERSION VALUES(8,'DEFAULT','MASTER',TIMESTAMP_WITH_ZONE(1389540370),'A','(A9)');
INSERT INTO DATABASEVERSION VALUES(9,'DEFAULT','MASTER',TIMESTAMP_WITH_ZONE(1389540370),'A','(A10)');
INSERT INTO DATABASEVERSION VALUES(10,'DEFAULT','MASTER',TIMESTAMP_WITH_ZONE(1389540370),'A','(A11)');
INSERT INTO DATABASEVERSION VALUES(11,'DEFAULT','MASTER',TIMESTAMP_WITH_ZONE(1389540371),'A','(A12)');
INSERT INTO DATABASEVERSION VALUES(12,'DEFAULT','MASTER',TIMESTAMP_WITH_ZONE(1389540371),'A','(A13)');
INSERT INTO DATABASEVERSION VALUES(13,'DEFAULT','MASTER',TIMESTAMP_WITH_ZONE(1389540371),'A','(A14)');
INSERT INTO DATABASEVERSION VALUES(14,'DEFAULT','MASTER',TIMESTAMP_WITH_ZONE(1389540371),'A','(A15)');
INSERT INTO DATABASEVERSION VALUES(15,'DEFAULT','MASTER',TIMESTAMP_WITH_ZONE(1389540371),'A','(A16)');
INSERT INTO DATABASEVERSION VALUES(16,'DEFAULT','MASTER',TIMESTAMP_WITH_ZONE(1389540371),'A','(A17)');
INSERT INTO DATABASEVERSION VALUES(17,'DEFAULT','MASTER',TIMESTAMP_WITH_ZONE(1389540372),'A','(A18)');
INSERT INTO DATABASEVERSION VALUES(18,'DEFAULT','MASTER',TIMESTAMP_WITH_ZONE(1389540372),'A','(A19)');
INSERT INTO DATABASEVERSION VALUES(19,'DEFAULT','MASTER',TIMESTAMP_WITH_ZONE(1389540372),'A','(A20)');
INSERT INTO DATABASEVERSION VALUES(20,'DEFAULT','MASTER',TIMESTAMP_WITH_ZONE(1389540372),'A','(A21)');
INSERT INTO DATABASEVERSION VALUES(21,'DEFAULT','MASTER',TIMESTAMP_WITH_ZONE(1389540372),'A','(A22)');
INSERT INTO DATABASEVERSION VALUES(22,'DEFAULT','MASTER',TIMESTAMP_WITH_ZONE(1389540372),'A','(A23)');
INSERT INTO DATABASEVERSION VALUES(23,'DEFAULT','MASTER',TIMESTAMP_WITH_ZONE(1389540372),'A','(A24)');
INSERT INTO DATABASEVERSION VALUES(24,'DEFAULT','MASTER',TIMESTAMP_WITH_ZONE(1389540372),'A','(A25)');
INSERT INTO DATABASEVERSION VALUES(25,'DEFAULT','MASTER',TIMESTAMP_WITH_ZONE(1389540372),'A','(A26)');
INSERT INTO DATABASEVERSION VALUES(26,'DEFAULT','MASTER',TIMESTAMP_WITH_ZONE(1389540373),'A','(A27)');
INSERT INTO DATABASEVERSION VALUES(27,'DEFAULT','MASTER',TIMESTAMP_WITH_ZONE(1389540373),'A','(A28)');
INSERT INTO DATABASEVERSION VALUES(28,'DEFAULT','MASTER',TIMESTAMP_WITH_ZONE(1389540373),'A','(A29)');
INSERT INTO DATABASEVERSION VALUES(29,'DEFAULT','MASTER',TIMESTAMP_WITH_ZONE(1389540373),'A','(A30)');
INSERT INTO DATABASEVERSION VALUES(30,'DEFAULT','MASTER',TIMESTAMP_WITH_ZONE(1389540373),'A','(A31)');
INSERT INTO DATABASEVERSION VALUES(31,'DEFAULT','MASTER',TIMESTAMP_WITH_ZONE(1389540373),'A','(A32)');
INSERT INTO DATABASEVERSION VALUES(32,'DEFAULT','MASTER',TIMESTAMP_WITH_ZONE(1389540373),'A','(A33)');
INSERT INTO DATABASEVERSION VALUES(33,'DEFAULT','MASTER',TIMESTAMP_WITH_ZONE(1389540373),'A','(A34)');
INSERT INTO DATABASEVERSION VALUES(34,'DEFAULT','MASTER',TIMESTAMP_WITH_ZONE(1389540373),'A','(A35)');
INSERT INTO DATABASEVERSION VALUES(35,'DEFAULT','MASTER',TIMESTAMP_WITH_ZONE(1389540374),'A','(A36)');
INSERT INTO DATABASEVERSION VALUES(36,'DEFAULT','MASTER',TIMESTAMP_WITH_ZONE(1389540374),'A','(A37)');
INSERT INTO DATABASEVERSION VALUES(37,'DEFAULT','MASTER',TIMESTAMP_WITH_ZONE(1389540374),'A','(A38)');
INSERT INTO DATABASEVERSION VALUES(38,'DEFAULT','MASTER',TIMESTAMP_WITH_ZONE(1389540374),'A','(A39)');
INSERT INTO DATABASEVERSION VALUES(39,'DEFAULT','MASTER',TIMESTAMP_WITH_ZONE(1389540374),'A','(A40)');
INSERT INTO DATABASEVERSION VALUES(40,'DEFAULT','MASTER',TIMESTAMP_WITH_ZONE(1389540374),'A','(A41)');
INSERT INTO DATABASEVERSION VALUES(41,'DEFAULT','MASTER',TIMESTAMP_WITH_ZONE(1389540374),'A','(A42)');
INSERT INTO DATABASEVERSION VALUES(42,'DEFAULT','MASTER',TIMESTAMP_WITH_ZONE(1389540374),'A','(A43)');
INSERT INTO DATABASEVERSION VALUES(43,'DEFAULT','MASTER',TIMESTAMP_WITH_ZONE(1389540375),'A','(A44)');
INSERT INTO DATABASEVERSION VALUES(44,'DEFAULT','MASTER',TIMESTAMP_WITH_ZONE(1389540375),'A','(A45)');
INSERT INTO DATABASEVERSION VALUES(45,'DEFAULT','MASTER',TIMESTAMP_WITH_ZONE(1389540375),'A','(A46)');
INSERT INTO DATABASEVERSION VALUES(46,'DEFAULT','MASTER',TIMESTAMP_WITH_ZONE(1389540375),'A','(A47)');
INSERT INTO DATABASEVERSION VALUES(47,'DEFAULT','MASTER',TIMESTAMP_WITH_ZONE(1389540375),'A','(A48)');
INSERT INTO DATABASEVERSION VALUES(48,'DEFAULT','MASTER',TIMESTAMP_WITH_ZONE(1389540375),'A','(A49)');
INSERT INTO DATABASEVERSION VALUES(49,'DEFAULT','MASTER',TIMESTAMP_WITH_ZONE(1389540375),'A','(A50)');
INSERT INTO DATABASEVERSION_VECTORCLOCK VALUES(0,'A',1);
INSERT INTO DATABASEVERSION_VECTORCLOCK VALUES(1,'A',2);
INSERT INTO DATABASEVERSION_VECTORCLOCK VALUES(2,'A',3);
INSERT INTO DATABASEVERSION_VECTORCLOCK VALUES(3,'A',4);
INSERT INTO DATABASEVERSION_VECTORCLOCK VALUES(4,'A',5);
INSERT INTO DATABASEVERSION_VECTORCLOCK VALUES(5,'A',6);
INSERT INTO DATABASEVERSION_VECTORCLOCK VALUES(6,'A',7);
INSERT INTO DATABASEVERSION_VECTORCLOCK VALUES(7,'A',8);
INSERT INTO DATABASEVERSION_VECTORCLOCK VALUES(8,'A',9);
INSERT INTO DATABASEVERSION_VECTORCLOCK VALUES(9,'A',10);
INSERT INTO DATABASEVERSION_VECTORCLOCK VALUES(10,'A',11);
INSERT INTO DATABASEVERSION_VECTORCLOCK VALUES(11,'A',12);
INSERT INTO DATABASEVERSION_VECTORCLOCK VALUES(12,'A',13);
INSERT INTO DATABASEVERSION_VECTORCLOCK VALUES(13,'A',14);
INSERT INTO DATABASEVERSION_VECTORCLOCK VALUES(14,'A',15);
INSERT INTO DATABASEVERSION_VECTORCLOCK VALUES(15,'A',16);
INSERT INTO DATABASEVERSION_VECTORCLOCK VALUES(16,'A',17);
INSERT INTO DATABASEVERSION_VECTORCLOCK VALUES(17,'A',18);
INSERT INTO DATABASEVERSION_VECTORCLOCK VALUES(18,'A',19);
INSERT INTO DATABASEVERSION_VECTORCLOCK VALUES(19,'A',20);
INSERT INTO DATABASEVERSION_VECTORCLOCK VALUES(20,'A',21);
INSERT INTO DATABASEVERSION_VECTORCLOCK VALUES(21,'A',22);
INSERT INTO DATABASEVERSION_VECTORCLOCK VALUES(22,'A',23);
INSERT INTO DATABASEVERSION_VECTORCLOCK VALUES(23,'A',24);
INSERT INTO DATABASEVERSION_VECTORCLOCK VALUES(24,'A',25);
INSERT INTO DATABASEVERSION_VECTORCLOCK VALUES(25,'A',26);
INSERT INTO DATABASEVERSION_VECTORCLOCK VALUES(26,'A',27);
INSERT INTO DATABASEVERSION_VECTORCLOCK VALUES(27,'A',28);
INSERT INTO DATABASEVERSION_VECTORCLOCK VALUES(28,'A',29);
INSERT INTO DATABASEVERSION_VECTORCLOCK VALUES(29,'A',30);
INSERT INTO DATABASEVERSION_VECTORCLOCK VALUES(30,'A',31);
INSERT INTO DATABASEVERSION_VECTORCLOCK VALUES(31,'A',32);
INSERT INTO DATABASEVERSION_VECTORCLOCK VALUES(32,'A',33);
INSERT INTO DATABASEVERSION_VECTORCLOCK VALUES(33,'A',34);
INSERT INTO DATABASEVERSION_VECTORCLOCK VALUES(34,'A',35);
INSERT INTO DATABASEVERSION_VECTORCLOCK VALUES(35,'A',36);
INSERT INTO DATABASEVERSION_VECTORCLOCK VALUES(36,'A',37);
INSERT INTO DATABASEVERSION_VECTORCLOCK VALUES(37,'A',38);
INSERT INTO DATABASEVERSION_VECTORCLOCK VALUES(38,'A',39);
INSERT INTO DATABASEVERSION_VECTORCLOCK VALUES(39,'A',40);
INSERT INTO DATABASEVERSION_VECTORCLOCK VALUES(40,'A',41);
INSERT INTO DATABASEVERSION_VECTORCLOCK VALUES(41,'A',42);
INSERT INTO DATABASEVERSION_VECTORCLOCK VALUES(42,'A',43);
INSERT INTO DATABASEVERSION_VECTORCLOCK VALUES(43,'A',44);
INSERT INTO DATABASEVERSION_VECTORCLOCK VALUES(44,'A',45);
INSERT INTO DATABASEVERSION_VECTORCLOCK VALUES(45,'A',46);
INSERT INTO DATABASEVERSION_VECTORCLOCK VALUES(46,'A',47);
INSERT INTO DATABASEVERSION_VECTORCLOCK VALUES(47,'A',48);
INSERT INTO DATABASEVERSION_VECTORCLOCK VALUES(48,'A',49);
INSERT INTO DATABASEVERSION_VECTORCLOCK VALUES(49,'A',50);
INSERT INTO CHUNK VALUES('05a79f06cf3f67f726dae68d18a2290f6c9a50c9',15,1);
INSERT INTO CHUNK VALUES('10687feb9716c9502d9a40fdfe3bb339055c8651',10,1);
INSERT INTO CHUNK VALUES('1216aa524aef75e75aa9214fb78ad1ac3ba1e34b',17,1);
INSERT INTO CHUNK VALUES('13cba177bcfad90e7b3de70616b2e54ba4bb107f',30,1);
INSERT INTO CHUNK VALUES('19da91f2603889267dfd77786e07a5b8f067d62a',35,1);
INSERT INTO CHUNK VALUES('1b6453892473a467d07372d45eb05abc2031647a',18,1);
INSERT INTO CHUNK VALUES('30140397fe38ee61f01eff44b5cfa48285e47889',47,1);
INSERT INTO CHUNK VALUES('320355ced694aa69924f6bb82e7b74f420303fd9',28,1);
INSERT INTO CHUNK VALUES('3c363836cf4e16666669a25da280a1865c2d2874',23,1);
INSERT INTO CHUNK VALUES('3cdf2936da2fc556bfa533ab1eb59ce710ac80e5',46,1);
INSERT INTO CHUNK VALUES('42099b4af021e53fd8fd4e056c2568d7c2e3ffa8',9,1);
INSERT INTO CHUNK VALUES('53a0acfad59379b3e050338bf9f23cfc172ee787',19,1);
INSERT INTO CHUNK VALUES('5e6f80a34a9798cafc6a5db96cc57ba4c4db59c2',36,1);
INSERT INTO CHUNK VALUES('64b68bf5b882b9bd0b37267287980ecfa0e44a85',7,1);
INSERT INTO CHUNK VALUES('655f2b71ddfafbcbd5af517f02eb9386a2a7a2a1',38,1);
INSERT INTO CHUNK VALUES('77a55e8dd56f4428497116b91d4c0c3ba932425c',21,1);
INSERT INTO CHUNK VALUES('897f9399aebb2b6163b8175b8e50c52b54aeda2d',43,1);
INSERT INTO CHUNK VALUES('8bf7b464aaa2c2b536aa1d76a1297c19155f5603',8,1);
INSERT INTO CHUNK VALUES('8ce24fc0ea8e685eb23bf6346713ad9fef920425',2,1);
INSERT INTO CHUNK VALUES('953efe8f531a5a87f6d2d5a65b78b05e55599abc',41,1);
INSERT INTO CHUNK VALUES('a0f1490a20d0211c997b44bc357e1972deab8ae3',25,1);
INSERT INTO CHUNK VALUES('a42c6cf1de3abfdea9b95f34687cbbe92b9a7383',42,1);
INSERT INTO CHUNK VALUES('a8abd012eb59b862bf9bc1ea443d2f35a1a2e222',12,1);
INSERT INTO CHUNK VALUES('ab461f6b8a6842a473257a2561c1fbdf91bdfe77',13,1);
INSERT INTO CHUNK VALUES('b753d636f6ee46bb9242d01ff8b61f715e9a88c3',14,1);
INSERT INTO CHUNK VALUES('bf8b4530d8d246dd74ac53a13471bba17941dff7',16,1);
INSERT INTO CHUNK VALUES('c4488af0c158e8c2832cb927cfb3ce534104cd1e',34,1);
INSERT INTO CHUNK VALUES('c4dd3c8cdd8d7c95603dd67f1cd873d5f9148b29',44,1);
INSERT INTO CHUNK VALUES('c4ea21bb365bbeeaf5f2c654883e56d11e43c44e',24,1);
INSERT INTO CHUNK VALUES('c78ebd3c85a39a596d9f5cfd2b8d240bc1b9c125',27,1);
INSERT INTO CHUNK VALUES('c7da1ff95a25c353f1319604703e8bfd287ee1a1',29,1);
INSERT INTO CHUNK VALUES('ca632d28f91c1b8d638df71525fe22fd2473af10',49,1);
INSERT INTO CHUNK VALUES('d07e4bc786c88b8d2304f84c7db2098666f822c0',31,1);
INSERT INTO CHUNK VALUES('d160e0986aca4714714a16f29ec605af90be704d',33,1);
INSERT INTO CHUNK VALUES('d50591ff745cc83091f4ee12b2ee702cb24b0b45',39,1);
INSERT INTO CHUNK VALUES('d57a281360b0397e17fd449153eb58a47dd5b12c',20,1);
INSERT INTO CHUNK VALUES('e2415cb7f63df0c9de23362326ad3c37a9adfc96',32,1);
INSERT INTO CHUNK VALUES('f11d1c80a3eeec16ed6079a52005d446886c3a4f',3,1);
INSERT INTO CHUNK VALUES('f5efcd994fca895f644b0ccc362aba5d6f4ae0c6',4,1);
INSERT INTO CHUNK VALUES('fe83f217d464f6fdfa5b2b1f87fe3a1a47371196',0,1);
INSERT INTO FILECONTENT VALUES('05a79f06cf3f67f726dae68d18a2290f6c9a50c9',15,1);
INSERT INTO FILECONTENT VALUES('10687feb9716c9502d9a40fdfe3bb339055c8651',10,1);
INSERT INTO FILECONTENT VALUES('1216aa524aef75e75aa9214fb78ad1ac3ba1e34b',17,1);
INSERT INTO FILECONTENT VALUES('13cba177bcfad90e7b3de70616b2e54ba4bb107f',30,1);
INSERT INTO FILECONTENT VALUES('19da91f2603889267dfd77786e07a5b8f067d62a',35,1);
INSERT INTO FILECONTENT VALUES('1b6453892473a467d07372d45eb05abc2031647a',18,1);
INSERT INTO FILECONTENT VALUES('30140397fe38ee61f01eff44b5cfa48285e47889',47,1);
INSERT INTO FILECONTENT VALUES('320355ced694aa69924f6bb82e7b74f420303fd9',28,1);
INSERT INTO FILECONTENT VALUES('3c363836cf4e16666669a25da280a1865c2d2874',23,1);
INSERT INTO FILECONTENT VALUES('3cdf2936da2fc556bfa533ab1eb59ce710ac80e5',46,1);
INSERT INTO FILECONTENT VALUES('42099b4af021e53fd8fd4e056c2568d7c2e3ffa8',9,1);
INSERT INTO FILECONTENT VALUES('53a0acfad59379b3e050338bf9f23cfc172ee787',19,1);
INSERT INTO FILECONTENT VALUES('5e6f80a34a9798cafc6a5db96cc57ba4c4db59c2',36,1);
INSERT INTO FILECONTENT VALUES('64b68bf5b882b9bd0b37267287980ecfa0e44a85',7,1);
INSERT INTO FILECONTENT VALUES('655f2b71ddfafbcbd5af517f02eb9386a2a7a2a1',38,1);
INSERT INTO FILECONTENT VALUES('77a55e8dd56f4428497116b91d4c0c3ba932425c',21,1);
INSERT INTO FILECONTENT VALUES('897f9399aebb2b6163b8175b8e50c52b54aeda2d',43,1);
INSERT INTO FILECONTENT VALUES('8bf7b464aaa2c2b536aa1d76a1297c19155f5603',8,1);
INSERT INTO FILECONTENT VALUES('8ce24fc0ea8e685eb23bf6346713ad9fef920425',2,1);
INSERT INTO FILECONTENT VALUES('953efe8f531a5a87f6d2d5a65b78b05e55599abc',41,1);
INSERT INTO FILECONTENT VALUES('a0f1490a20d0211c997b44bc357e1972deab8ae3',25,1);
INSERT INTO FILECONTENT VALUES('a42c6cf1de3abfdea9b95f34687cbbe92b9a7383',42,1);
INSERT INTO FILECONTENT VALUES('a8abd012eb59b862bf9bc1ea443d2f35a1a2e222',12,1);
INSERT INTO FILECONTENT VALUES('ab461f6b8a6842a473257a2561c1fbdf91bdfe77',13,1);
INSERT INTO FILECONTENT VALUES('b753d636f6ee46bb9242d01ff8b61f715e9a88c3',14,1);
INSERT INTO FILECONTENT VALUES('bf8b4530d8d246dd74ac53a13471bba17941dff7',16,1);
INSERT INTO FILECONTENT VALUES('c4488af0c158e8c2832cb927cfb3ce534104cd1e',34,1);
INSERT INTO FILECONTENT VALUES('c4dd3c8cdd8d7c95603dd67f1cd873d5f9148b29',44,1);
INSERT INTO FILECONTENT VALUES('c4ea21bb365bbeeaf5f2c654883e56d11e43c44e',24,1);
INSERT INTO FILECONTENT VALUES('c78ebd3c85a39a596d9f5cfd2b8d240bc1b9c125',27,1);
INSERT INTO FILECONTENT VALUES('c7da1ff95a25c353f1319604703e8bfd287ee1a1',29,1);
INSERT INTO FILECONTENT VALUES('ca632d28f91c1b8d638df71525fe22fd2473af10',49,1);
INSERT INTO FILECONTENT VALUES('d07e4bc786c88b8d2304f84c7db2098666f822c0',31,1);
INSERT INTO FILECONTENT VALUES('d160e0986aca4714714a16f29ec605af90be704d',33,1);
INSERT INTO FILECONTENT VALUES('d50591ff745cc83091f4ee12b2ee702cb24b0b45',39,1);
INSERT INTO FILECONTENT VALUES('d57a281360b0397e17fd449153eb58a47dd5b12c',20,1);
INSERT INTO FILECONTENT VALUES('e2415cb7f63df0c9de23362326ad3c37a9adfc96',32,1);
INSERT INTO FILECONTENT VALUES('f11d1c80a3eeec16ed6079a52005d446886c3a4f',3,1);
INSERT INTO FILECONTENT VALUES('f5efcd994fca895f644b0ccc362aba5d6f4ae0c6',4,1);
INSERT INTO FILECONTENT VALUES('fe83f217d464f6fdfa5b2b1f87fe3a1a47371196',0,1);
INSERT INTO FILECONTENT_CHUNK VALUES('05a79f06cf3f67f726dae68d18a2290f6c9a50c9','05a79f06cf3f67f726dae68d18a2290f6c9a50c9',0);
INSERT INTO FILECONTENT_CHUNK VALUES('10687feb9716c9502d9a40fdfe3bb339055c8651','10687feb9716c9502d9a40fdfe3bb339055c8651',0);
INSERT INTO FILECONTENT_CHUNK VALUES('1216aa524aef75e75aa9214fb78ad1ac3ba1e34b','1216aa524aef75e75aa9214fb78ad1ac3ba1e34b',0);
INSERT INTO FILECONTENT_CHUNK VALUES('13cba177bcfad90e7b3de70616b2e54ba4bb107f','13cba177bcfad90e7b3de70616b2e54ba4bb107f',0);
INSERT INTO FILECONTENT_CHUNK VALUES('19da91f2603889267dfd77786e07a5b8f067d62a','19da91f2603889267dfd77786e07a5b8f067d62a',0);
INSERT INTO FILECONTENT_CHUNK VALUES('1b6453892473a467d07372d45eb05abc2031647a','1b6453892473a467d07372d45eb05abc2031647a',0);
INSERT INTO FILECONTENT_CHUNK VALUES('30140397fe38ee61f01eff44b5cfa48285e47889','30140397fe38ee61f01eff44b5cfa48285e47889',0);
INSERT INTO FILECONTENT_CHUNK VALUES('320355ced694aa69924f6bb82e7b74f420303fd9','320355ced694aa69924f6bb82e7b74f420303fd9',0);
INSERT INTO FILECONTENT_CHUNK VALUES('3c363836cf4e16666669a25da280a1865c2d2874','3c363836cf4e16666669a25da280a1865c2d2874',0);
INSERT INTO FILECONTENT_CHUNK VALUES('3cdf2936da2fc556bfa533ab1eb59ce710ac80e5','3cdf2936da2fc556bfa533ab1eb59ce710ac80e5',0);
INSERT INTO FILECONTENT_CHUNK VALUES('42099b4af021e53fd8fd4e056c2568d7c2e3ffa8','42099b4af021e53fd8fd4e056c2568d7c2e3ffa8',0);
INSERT INTO FILECONTENT_CHUNK VALUES('53a0acfad59379b3e050338bf9f23cfc172ee787','53a0acfad59379b3e050338bf9f23cfc172ee787',0);
INSERT INTO FILECONTENT_CHUNK VALUES('5e6f80a34a9798cafc6a5db96cc57ba4c4db59c2','5e6f80a34a9798cafc6a5db96cc57ba4c4db59c2',0);
INSERT INTO FILECONTENT_CHUNK VALUES('64b68bf5b882b9bd0b37267287980ecfa0e44a85','64b68bf5b882b9bd0b37267287980ecfa0e44a85',0);
INSERT INTO FILECONTENT_CHUNK VALUES('655f2b71ddfafbcbd5af517f02eb9386a2a7a2a1','655f2b71ddfafbcbd5af517f02eb9386a2a7a2a1',0);
INSERT INTO FILECONTENT_CHUNK VALUES('77a55e8dd56f4428497116b91d4c0c3ba932425c','77a55e8dd56f4428497116b91d4c0c3ba932425c',0);
INSERT INTO FILECONTENT_CHUNK VALUES('897f9399aebb2b6163b8175b8e50c52b54aeda2d','897f9399aebb2b6163b8175b8e50c52b54aeda2d',0);
INSERT INTO FILECONTENT_CHUNK VALUES('8bf7b464aaa2c2b536aa1d76a1297c19155f5603','8bf7b464aaa2c2b536aa1d76a1297c19155f5603',0);
INSERT INTO FILECONTENT_CHUNK VALUES('8ce24fc0ea8e685eb23bf6346713ad9fef920425','8ce24fc0ea8e685eb23bf6346713ad9fef920425',0);
INSERT INTO FILECONTENT_CHUNK VALUES('953efe8f531a5a87f6d2d5a65b78b05e55599abc','953efe8f531a5a87f6d2d5a65b78b05e55599abc',0);
INSERT INTO FILECONTENT_CHUNK VALUES('a0f1490a20d0211c997b44bc357e1972deab8ae3','a0f1490a20d0211c997b44bc357e1972deab8ae3',0);
INSERT INTO FILECONTENT_CHUNK VALUES('a42c6cf1de3abfdea9b95f34687cbbe92b9a7383','a42c6cf1de3abfdea9b95f34687cbbe92b9a7383',0);
INSERT INTO FILECONTENT_CHUNK VALUES('a8abd012eb59b862bf9bc1ea443d2f35a1a2e222','a8abd012eb59b862bf9bc1ea443d2f35a1a2e222',0);
INSERT INTO FILECONTENT_CHUNK VALUES('ab461f6b8a6842a473257a2561c1fbdf91bdfe77','ab461f6b8a6842a473257a2561c1fbdf91bdfe77',0);
INSERT INTO FILECONTENT_CHUNK VALUES('b753d636f6ee46bb9242d01ff8b61f715e9a88c3','b753d636f6ee46bb9242d01ff8b61f715e9a88c3',0);
INSERT INTO FILECONTENT_CHUNK VALUES('bf8b4530d8d246dd74ac53a13471bba17941dff7','bf8b4530d8d246dd74ac53a13471bba17941dff7',0);
INSERT INTO FILECONTENT_CHUNK VALUES('c4488af0c158e8c2832cb927cfb3ce534104cd1e','c4488af0c158e8c2832cb927cfb3ce534104cd1e',0);
INSERT INTO FILECONTENT_CHUNK VALUES('c4dd3c8cdd8d7c95603dd67f1cd873d5f9148b29','c4dd3c8cdd8d7c95603dd67f1cd873d5f9148b29',0);
INSERT INTO FILECONTENT_CHUNK VALUES('c4ea21bb365bbeeaf5f2c654883e56d11e43c44e','c4ea21bb365bbeeaf5f2c654883e56d11e43c44e',0);
INSERT INTO FILECONTENT_CHUNK VALUES('c78ebd3c85a39a596d9f5cfd2b8d240bc1b9c125','c78ebd3c85a39a596d9f5cfd2b8d240bc1b9c125',0);
INSERT INTO FILECONTENT_CHUNK VALUES('c7da1ff95a25c353f1319604703e8bfd287ee1a1','c7da1ff95a25c353f1319604703e8bfd287ee1a1',0);
INSERT INTO FILECONTENT_CHUNK VALUES('ca632d28f91c1b8d638df71525fe22fd2473af10','ca632d28f91c1b8d638df71525fe22fd2473af10',0);
INSERT INTO FILECONTENT_CHUNK VALUES('d07e4bc786c88b8d2304f84c7db2098666f822c0','d07e4bc786c88b8d2304f84c7db2098666f822c0',0);
INSERT INTO FILECONTENT_CHUNK VALUES('d160e0986aca4714714a16f29ec605af90be704d','d160e0986aca4714714a16f29ec605af90be704d',0);
INSERT INTO FILECONTENT_CHUNK VALUES('d50591ff745cc83091f4ee12b2ee702cb24b0b45','d50591ff745cc83091f4ee12b2ee702cb24b0b45',0);
INSERT INTO FILECONTENT_CHUNK VALUES('d57a281360b0397e17fd449153eb58a47dd5b12c','d57a281360b0397e17fd449153eb58a47dd5b12c',0);
INSERT INTO FILECONTENT_CHUNK VALUES('e2415cb7f63df0c9de23362326ad3c37a9adfc96','e2415cb7f63df0c9de23362326ad3c37a9adfc96',0);
INSERT INTO FILECONTENT_CHUNK VALUES('f11d1c80a3eeec16ed6079a52005d446886c3a4f','f11d1c80a3eeec16ed6079a52005d446886c3a4f',0);
INSERT INTO FILECONTENT_CHUNK VALUES('f5efcd994fca895f644b0ccc362aba5d6f4ae0c6','f5efcd994fca895f644b0ccc362aba5d6f4ae0c6',0);
INSERT INTO FILECONTENT_CHUNK VALUES('fe83f217d464f6fdfa5b2b1f87fe3a1a47371196','fe83f217d464f6fdfa5b2b1f87fe3a1a47371196',0);
INSERT INTO FILEHISTORY VALUES('09cac14496a74a2fb10f993904aa4724cb87a78a',22);
INSERT INTO FILEHISTORY VALUES('0ec97a4a65996b09c136f4f8def321926499f77a',38);
INSERT INTO FILEHISTORY VALUES('11c922a90efc89168e70bfa164979926f42a5502',9);
INSERT INTO FILEHISTORY VALUES('164e075abb25100b11e560096f04db812fe7a64f',48);
INSERT INTO FILEHISTORY VALUES('1747efdc5761daa913542e0c7a77db98d939fd17',11);
INSERT INTO FILEHISTORY VALUES('190259bae46f8f16a47e0d0d9482f867cf42e6ff',19);
INSERT INTO FILEHISTORY VALUES('2e589793c3cda0fa0a21edd89cfaf1ce26fc6fd4',26);
INSERT INTO FILEHISTORY VALUES('33f4f1877e11f34fcf52ec81051c63ff79b096f9',5);
INSERT INTO FILEHISTORY VALUES('40b7745398de0d7f56c2186033b6ab8d34d4e920',33);
INSERT INTO FILEHISTORY VALUES('45a6df5a57572b5cbbe0507da8e21ae3a1ce9e76',25);
INSERT INTO FILEHISTORY VALUES('4a620b7126e1936bda7a2fe65e31d270ab009f32',49);
INSERT INTO FILEHISTORY VALUES('4e0d277d1723d5163df04cae7af91d7c0690d811',6);
INSERT INTO FILEHISTORY VALUES('4f9408f6488f70ba5fe97655c0263185575e8418',37);
INSERT INTO FILEHISTORY VALUES('4fef2d605640813464792b18b16e1a5e07aa4e53',2);
INSERT INTO FILEHISTORY VALUES('64a7903d4e95bdea0c9daf62151dec968eb8276f',3);
INSERT INTO FILEHISTORY VALUES('699f02963d645125ce3990e76f722533be85068a',12);
INSERT INTO FILEHISTORY VALUES('6a16ed133bd18cc027b221e99669f4d48ee07d9e',14);
INSERT INTO FILEHISTORY VALUES('6b9a458bd2ba648a63145c05a43c7bf72f59a5ed',15);
INSERT INTO FILEHISTORY VALUES('6ed43f1018f22fa0552f74ecd0bfc27643aebd45',40);
INSERT INTO FILEHISTORY VALUES('71fbb82e1dbcb38c0844caa9a2d9a3fe3ce6f0b0',42);
INSERT INTO FILEHISTORY VALUES('76335d77da785e1a1f0795c35351b87fca699d70',41);
INSERT INTO FILEHISTORY VALUES('7b0b68878181ef87ac8c8ec15755fb72232597fb',24);
INSERT INTO FILEHISTORY VALUES('7d62ec4c91a98333e2c87eb33a8276bc8c557249',32);
INSERT INTO FILEHISTORY VALUES('851c441915478a539a5bab2b263ffa4cc48e282f',0);
INSERT INTO FILEHISTORY VALUES('86a3ae57281cb06a99e1617d4be8dc6dc95da04f',46);
INSERT INTO FILEHISTORY VALUES('96820ff4b86e12b35bc5f2156feb72c328d9e9da',18);
INSERT INTO FILEHISTORY VALUES('9931dd99f97c312d14d4f58d689c6343b4c886fa',10);
INSERT INTO FILEHISTORY VALUES('a1524f0fee5e91958a44f78f682d9dce4809fb22',45);
INSERT INTO FILEHISTORY VALUES('a33a902fa3613ec3f83ef8b568f9b2d3ad46edc4',21);
INSERT INTO FILEHISTORY VALUES('a455aa30b9b68ddf96b8e5df3e48fc70671d213a',28);
INSERT INTO FILEHISTORY VALUES('b16b0675c14b624a2b2bac03e37046984142e7f1',13);
INSERT INTO FILEHISTORY VALUES('b255a5575dc35915ef1dbb593962c20b32f08505',17);
INSERT INTO FILEHISTORY VALUES('bde6dc0d38ade4b9f8938e109be58b61ad7e35b7',47);
INSERT INTO FILEHISTORY VALUES('c021aecb2ae36f2a8430eb10309923454b93b61e',1);
INSERT INTO FILEHISTORY VALUES('c14d63367c87a89942fd10e232c4994c0b597b3a',30);
INSERT INTO FILEHISTORY VALUES('c1d301efb8216b3ce988babe894b67c78b564840',35);
INSERT INTO FILEHISTORY VALUES('d0422912de116ca867eaab65c64c3d79e4c72bc0',16);
INSERT INTO FILEHISTORY VALUES('d15d79a159a574f64c0682b8106b460fecbac725',44);
INSERT INTO FILEHISTORY VALUES('d3911d16875137092ee349c1981bf2e0d0088e0c',43);
INSERT INTO FILEHISTORY VALUES('d3cde88c51e46aea131b5525e4ec9e9a92612392',36);
INSERT INTO FILEHISTORY VALUES('d6831c7bea0b9aff37b1aeae145d2e334134eaf5',23);
INSERT INTO FILEHISTORY VALUES('dfaf1abdf32d3f8f2a1e9a3ab4d0acb02176d2aa',29);
INSERT INTO FILEHISTORY VALUES('e2170d9325707df6ff1593babcaebe3d8f54cdfa',34);
INSERT INTO FILEHISTORY VALUES('e3b7ffba4e32b5e323d873308b41af4c0e0d5a90',20);
INSERT INTO FILEHISTORY VALUES('ec997746f21b23872f9eaf6f644fc67576569c04',39);
INSERT INTO FILEHISTORY VALUES('ee927b16af5058e87a0995296c2bb8f8ca05dbe0',31);
INSERT INTO FILEHISTORY VALUES('f05594af97abcb739a2f234764545a49069c90c4',8);
INSERT INTO FILEHISTORY VALUES('f0c1180fa0c68eb293d2762e28f70292d6f226b8',7);
INSERT INTO FILEHISTORY VALUES('f55923dadd7bb9a41a2242886d9d69eee129baa3',4);
INSERT INTO FILEHISTORY VALUES('fe64176e587bb2c6c01a65bcaf9bc8b9f1a54de4',27);
INSERT INTO FILEVERSION VALUES('09cac14496a74a2fb10f993904aa4724cb87a78a',1,22,'file23','FILE','NEW',1,TIMESTAMP_WITH_ZONE(1389540372),NULL,'f5efcd994fca895f644b0ccc362aba5d6f4ae0c6',TIMESTAMP_WITH_ZONE(1389540372),'rw-r--r--',NULL);
INSERT INTO FILEVERSION VALUES('0ec97a4a65996b09c136f4f8def321926499f77a',1,38,'file39','FILE','NEW',1,TIMESTAMP_WITH_ZONE(1389540374),NULL,'655f2b71ddfafbcbd5af517f02eb9386a2a7a2a1',TIMESTAMP_WITH_ZONE(1389540374),'rw-r--r--',NULL);
INSERT INTO FILEVERSION VALUES('11c922a90efc89168e70bfa164979926f42a5502',1,9,'file10','FILE','NEW',1,TIMESTAMP_WITH_ZONE(1389540370),NULL,'42099b4af021e53fd8fd4e056c2568d7c2e3ffa8',TIMESTAMP_WITH_ZONE(1389540370),'rw-r--r--',NULL);
INSERT INTO FILEVERSION VALUES('164e075abb25100b11e560096f04db812fe7a64f',1,48,'file49','FILE','NEW',1,TIMESTAMP_WITH_ZONE(1389540375),NULL,'bf8b4530d8d246dd74ac53a13471bba17941dff7',TIMESTAMP_WITH_ZONE(1389540375),'rw-r--r--',NULL);
INSERT INTO FILEVERSION VALUES('1747efdc5761daa913542e0c7a77db98d939fd17',1,11,'file12','FILE','NEW',1,TIMESTAMP_WITH_ZONE(1389540370),NULL,'30140397fe38ee61f01eff44b5cfa48285e47889',TIMESTAMP_WITH_ZONE(1389540371),'rw-r--r--',NULL);
INSERT INTO FILEVERSION VALUES('190259bae46f8f16a47e0d0d9482f867cf42e6ff',1,19,'file20','FILE','NEW',1,TIMESTAMP_WITH_ZONE(1389540372),NULL,'53a0acfad59379b3e050338bf9f23cfc172ee787',TIMESTAMP_WITH_ZONE(1389540372),'rw-r--r--',NULL);
INSERT INTO FILEVERSION VALUES('2e589793c3cda0fa0a21edd89cfaf1ce26fc6fd4',1,26,'file27','FILE','NEW',1,TIMESTAMP_WITH_ZONE(1389540373),NULL,'ab461f6b8a6842a473257a2561c1fbdf91bdfe77',TIMESTAMP_WITH_ZONE(1389540373),'rw-r--r--',NULL);
INSERT INTO FILEVERSION VALUES('33f4f1877e11f34fcf52ec81051c63ff79b096f9',1,5,'file6','FILE','NEW',1,TIMESTAMP_WITH_ZONE(1389540369),NULL,'3cdf2936da2fc556bfa533ab1eb59ce710ac80e5',TIMESTAMP_WITH_ZONE(1389540369),'rw-r--r--',NULL);
INSERT INTO FILEVERSION VALUES('40b7745398de0d7f56c2186033b6ab8d34d4e920',1,33,'file34','FILE','NEW',1,TIMESTAMP_WITH_ZONE(1389540373),NULL,'d160e0986aca4714714a16f29ec605af90be704d',TIMESTAMP_WITH_ZONE(1389540373),'rw-r--r--',NULL);
INSERT INTO FILEVERSION VALUES('45a6df5a57572b5cbbe0507da8e21ae3a1ce9e76',1,25,'file26','FILE','NEW',1,TIMESTAMP_WITH_ZONE(1389540372),NULL,'a0f1490a20d0211c997b44bc357e1972deab8ae3',TIMESTAMP_WITH_ZONE(1389540372),'rw-r--r--',NULL);
INSERT INTO FILEVERSION VALUES('4a620b7126e1936bda7a2fe65e31d270ab009f32',1,49,'file50','FILE','NEW',1,TIMESTAMP_WITH_ZONE(1389540375),NULL,'ca632d28f91c1b8d638df71525fe22fd2473af10',TIMESTAMP_WITH_ZONE(1389540375),'rw-r--r--',NULL);
INSERT INTO FILEVERSION VALUES('4e0d277d1723d5163df04cae7af91d7c0690d811',1,6,'file7','FILE','NEW',1,TIMESTAMP_WITH_ZONE(1389540369),NULL,'13cba177bcfad90e7b3de70616b2e54ba4bb107f',TIMESTAMP_WITH_ZONE(1389540370),'rw-r--r--',NULL);
INSERT INTO FILEVERSION VALUES('4f9408f6488f70ba5fe97655c0263185575e8418',1,37,'file38','FILE','NEW',1,TIMESTAMP_WITH_ZONE(1389540374),NULL,'1b6453892473a467d07372d45eb05abc2031647a',TIMESTAMP_WITH_ZONE(1389540374),'rw-r--r--',NULL);
INSERT INTO FILEVERSION VALUES('4fef2d605640813464792b18b16e1a5e07aa4e53',1,2,'file3','FILE','NEW',1,TIMESTAMP_WITH_ZONE(1389540369),NULL,'8ce24fc0ea8e685eb23bf6346713ad9fef920425',TIMESTAMP_WITH_ZONE(1389540369),'rw-r--r--',NULL);
INSERT INTO FILEVERSION VALUES('64a7903d4e95bdea0c9daf62151dec968eb8276f',1,3,'file4','FILE','NEW',1,TIMESTAMP_WITH_ZONE(1389540369),NULL,'f11d1c80a3eeec16ed6079a52005d446886c3a4f',TIMESTAMP_WITH_ZONE(1389540369),'rw-r--r--',NULL);
INSERT INTO FILEVERSION VALUES('699f02963d645125ce3990e76f722533be85068a',1,12,'file13','FILE','NEW',1,TIMESTAMP_WITH_ZONE(1389540371),NULL,'a8abd012eb59b862bf9bc1ea443d2f35a1a2e222',TIMESTAMP_WITH_ZONE(1389540371),'rw-r--r--',NULL);
INSERT INTO FILEVERSION VALUES('6a16ed133bd18cc027b221e99669f4d48ee07d9e',1,14,'file15','FILE','NEW',1,TIMESTAMP_WITH_ZONE(1389540371),NULL,'b753d636f6ee46bb9242d01ff8b61f715e9a88c3',TIMESTAMP_WITH_ZONE(1389540371),'rw-r--r--',NULL);
INSERT INTO FILEVERSION VALUES('6b9a458bd2ba648a63145c05a43c7bf72f59a5ed',1,15,'file16','FILE','NEW',1,TIMESTAMP_WITH_ZONE(1389540371),NULL,'05a79f06cf3f67f726dae68d18a2290f6c9a50c9',TIMESTAMP_WITH_ZONE(1389540371),'rw-r--r--',NULL);
INSERT INTO FILEVERSION VALUES('6ed43f1018f22fa0552f74ecd0bfc27643aebd45',1,40,'file41','FILE','NEW',1,TIMESTAMP_WITH_ZONE(1389540374),NULL,'a42c6cf1de3abfdea9b95f34687cbbe92b9a7383',TIMESTAMP_WITH_ZONE(1389540374),'rw-r--r--',NULL);
INSERT INTO FILEVERSION VALUES('71fbb82e1dbcb38c0844caa9a2d9a3fe3ce6f0b0',1,42,'file43','FILE','NEW',1,TIMESTAMP_WITH_ZONE(1389540374),NULL,'a42c6cf1de3abfdea9b95f34687cbbe92b9a7383',TIMESTAMP_WITH_ZONE(1389540374),'rw-r--r--',NULL);
INSERT INTO FILEVERSION VALUES('76335d77da785e1a1f0795c35351b87fca699d70',1,41,'file42','FILE','NEW',1,TIMESTAMP_WITH_ZONE(1389540374),NULL,'953efe8f531a5a87f6d2d5a65b78b05e55599abc',TIMESTAMP_WITH_ZONE(1389540374),'rw-r--r--',NULL);
INSERT INTO FILEVERSION VALUES('7b0b68878181ef87ac8c8ec15755fb72232597fb',1,24,'file25','FILE','NEW',1,TIMESTAMP_WITH_ZONE(1389540372),NULL,'c4ea21bb365bbeeaf5f2c654883e56d11e43c44e',TIMESTAMP_WITH_ZONE(1389540372),'rw-r--r--',NULL);
INSERT INTO FILEVERSION VALUES('7d62ec4c91a98333e2c87eb33a8276bc8c557249',1,32,'file33','FILE','NEW',1,TIMESTAMP_WITH_ZONE(1389540373),NULL,'e2415cb7f63df0c9de23362326ad3c37a9adfc96',TIMESTAMP_WITH_ZONE(1389540373),'rw-r--r--',NULL);
INSERT INTO FILEVERSION VALUES('851c441915478a539a5bab2b263ffa4cc48e282f',1,0,'file1','FILE','NEW',1,TIMESTAMP_WITH_ZONE(1389540367),NULL,'fe83f217d464f6fdfa5b2b1f87fe3a1a47371196',TIMESTAMP_WITH_ZONE(1389540368),'rw-r--r--',NULL);
INSERT INTO FILEVERSION VALUES('86a3ae57281cb06a99e1617d4be8dc6dc95da04f',1,46,'file47','FILE','NEW',1,TIMESTAMP_WITH_ZONE(1389540375),NULL,'3cdf2936da2fc556bfa533ab1eb59ce710ac80e5',TIMESTAMP_WITH_ZONE(1389540375),'rw-r--r--',NULL);
INSERT INTO FILEVERSION VALUES('96820ff4b86e12b35bc5f2156feb72c328d9e9da',1,18,'file19','FILE','NEW',1,TIMESTAMP_WITH_ZONE(1389540372),NULL,'1b6453892473a467d07372d45eb05abc2031647a',TIMESTAMP_WITH_ZONE(1389540372),'rw-r--r--',NULL);
INSERT INTO FILEVERSION VALUES('9931dd99f97c312d14d4f58d689c6343b4c886fa',1,10,'file11','FILE','NEW',1,TIMESTAMP_WITH_ZONE(1389540370),NULL,'10687feb9716c9502d9a40fdfe3bb339055c8651',TIMESTAMP_WITH_ZONE(1389540370),'rw-r--r--',NULL);
INSERT INTO FILEVERSION VALUES('a1524f0fee5e91958a44f78f682d9dce4809fb22',1,45,'file46','FILE','NEW',1,TIMESTAMP_WITH_ZONE(1389540375),NULL,'c4488af0c158e8c2832cb927cfb3ce534104cd1e',TIMESTAMP_WITH_ZONE(1389540375),'rw-r--r--',NULL);
INSERT INTO FILEVERSION VALUES('a33a902fa3613ec3f83ef8b568f9b2d3ad46edc4',1,21,'file22','FILE','NEW',1,TIMESTAMP_WITH_ZONE(1389540372),NULL,'77a55e8dd56f4428497116b91d4c0c3ba932425c',TIMESTAMP_WITH_ZONE(1389540372),'rw-r--r--',NULL);
INSERT INTO FILEVERSION VALUES('a455aa30b9b68ddf96b8e5df3e48fc70671d213a',1,28,'file29','FILE','NEW',1,TIMESTAMP_WITH_ZONE(1389540373),NULL,'320355ced694aa69924f6bb82e7b74f420303fd9',TIMESTAMP_WITH_ZONE(1389540373),'rw-r--r--',NULL);
INSERT INTO FILEVERSION VALUES('b16b0675c14b624a2b2bac03e37046984142e7f1',1,13,'file14','FILE','NEW',1,TIMESTAMP_WITH_ZONE(1389540371),NULL,'ab461f6b8a6842a473257a2561c1fbdf91bdfe77',TIMESTAMP_WITH_ZONE(1389540371),'rw-r--r--',NULL);
INSERT INTO FILEVERSION VALUES('b255a5575dc35915ef1dbb593962c20b32f08505',1,17,'file18','FILE','NEW',1,TIMESTAMP_WITH_ZONE(1389540371),NULL,'1216aa524aef75e75aa9214fb78ad1ac3ba1e34b',TIMESTAMP_WITH_ZONE(1389540372),'rw-r--r--',NULL);
INSERT INTO FILEVERSION VALUES('bde6dc0d38ade4b9f8938e109be58b61ad7e35b7',1,47,'file48','FILE','NEW',1,TIMESTAMP_WITH_ZONE(1389540375),NULL,'30140397fe38ee61f01eff44b5cfa48285e47889',TIMESTAMP_WITH_ZONE(1389540375),'rw-r--r--',NULL);
INSERT INTO FILEVERSION VALUES('c021aecb2ae36f2a8430eb10309923454b93b61e',1,1,'file2','FILE','NEW',1,TIMESTAMP_WITH_ZONE(1389540369),NULL,'bf8b4530d8d246dd74ac53a13471bba17941dff7',TIMESTAMP_WITH_ZONE(1389540369),'rw-r--r--',NULL);
INSERT INTO FILEVERSION VALUES('c14d63367c87a89942fd10e232c4994c0b597b3a',1,30,'file31','FILE','NEW',1,TIMESTAMP_WITH_ZONE(1389540373),NULL,'13cba177bcfad90e7b3de70616b2e54ba4bb107f',TIMESTAMP_WITH_ZONE(1389540373),'rw-r--r--',NULL);
INSERT INTO FILEVERSION VALUES('c1d301efb8216b3ce988babe894b67c78b564840',1,35,'file36','FILE','NEW',1,TIMESTAMP_WITH_ZONE(1389540374),NULL,'19da91f2603889267dfd77786e07a5b8f067d62a',TIMESTAMP_WITH_ZONE(1389540374),'rw-r--r--',NULL);
INSERT INTO FILEVERSION VALUES('d0422912de116ca867eaab65c64c3d79e4c72bc0',1,16,'file17','FILE','NEW',1,TIMESTAMP_WITH_ZONE(1389540371),NULL,'bf8b4530d8d246dd74ac53a13471bba17941dff7',TIMESTAMP_WITH_ZONE(1389540371),'rw-r--r--',NULL);
INSERT INTO FILEVERSION VALUES('d15d79a159a574f64c0682b8106b460fecbac725',1,44,'file45','FILE','NEW',1,TIMESTAMP_WITH_ZONE(1389540375),NULL,'c4dd3c8cdd8d7c95603dd67f1cd873d5f9148b29',TIMESTAMP_WITH_ZONE(1389540375),'rw-r--r--',NULL);
INSERT INTO FILEVERSION VALUES('d3911d16875137092ee349c1981bf2e0d0088e0c',1,43,'file44','FILE','NEW',1,TIMESTAMP_WITH_ZONE(1389540374),NULL,'897f9399aebb2b6163b8175b8e50c52b54aeda2d',TIMESTAMP_WITH_ZONE(1389540375),'rw-r--r--',NULL);
INSERT INTO FILEVERSION VALUES('d3cde88c51e46aea131b5525e4ec9e9a92612392',1,36,'file37','FILE','NEW',1,TIMESTAMP_WITH_ZONE(1389540374),NULL,'5e6f80a34a9798cafc6a5db96cc57ba4c4db59c2',TIMESTAMP_WITH_ZONE(1389540374),'rw-r--r--',NULL);
INSERT INTO FILEVERSION VALUES('d6831c7bea0b9aff37b1aeae145d2e334134eaf5',1,23,'file24','FILE','NEW',1,TIMESTAMP_WITH_ZONE(1389540372),NULL,'3c363836cf4e16666669a25da280a1865c2d2874',TIMESTAMP_WITH_ZONE(1389540372),'rw-r--r--',NULL);
INSERT INTO FILEVERSION VALUES('dfaf1abdf32d3f8f2a1e9a3ab4d0acb02176d2aa',1,29,'file30','FILE','NEW',1,TIMESTAMP_WITH_ZONE(1389540373),NULL,'c7da1ff95a25c353f1319604703e8bfd287ee1a1',TIMESTAMP_WITH_ZONE(1389540373),'rw-r--r--',NULL);
INSERT INTO FILEVERSION VALUES('e2170d9325707df6ff1593babcaebe3d8f54cdfa',1,34,'file35','FILE','NEW',1,TIMESTAMP_WITH_ZONE(1389540373),NULL,'c4488af0c158e8c2832cb927cfb3ce534104cd1e',TIMESTAMP_WITH_ZONE(1389540373),'rw-r--r--',NULL);
INSERT INTO FILEVERSION VALUES('e3b7ffba4e32b5e323d873308b41af4c0e0d5a90',1,20,'file21','FILE','NEW',1,TIMESTAMP_WITH_ZONE(1389540372),NULL,'d57a281360b0397e17fd449153eb58a47dd5b12c',TIMESTAMP_WITH_ZONE(1389540372),'rw-r--r--',NULL);
INSERT INTO FILEVERSION VALUES('ec997746f21b23872f9eaf6f644fc67576569c04',1,39,'file40','FILE','NEW',1,TIMESTAMP_WITH_ZONE(1389540374),NULL,'d50591ff745cc83091f4ee12b2ee702cb24b0b45',TIMESTAMP_WITH_ZONE(1389540374),'rw-r--r--',NULL);
INSERT INTO FILEVERSION VALUES('ee927b16af5058e87a0995296c2bb8f8ca05dbe0',1,31,'file32','FILE','NEW',1,TIMESTAMP_WITH_ZONE(1389540373),NULL,'d07e4bc786c88b8d2304f84c7db2098666f822c0',TIMESTAMP_WITH_ZONE(1389540373),'rw-r--r--',NULL);
INSERT INTO FILEVERSION VALUES('f05594af97abcb739a2f234764545a49069c90c4',1,8,'file9','FILE','NEW',1,TIMESTAMP_WITH_ZONE(1389540370),NULL,'8bf7b464aaa2c2b536aa1d76a1297c19155f5603',TIMESTAMP_WITH_ZONE(1389540370),'rw-r--r--',NULL);
INSERT INTO FILEVERSION VALUES('f0c1180fa0c68eb293d2762e28f70292d6f226b8',1,7,'file8','FILE','NEW',1,TIMESTAMP_WITH_ZONE(1389540370),NULL,'64b68bf5b882b9bd0b37267287980ecfa0e44a85',TIMESTAMP_WITH_ZONE(1389540370),'rw-r--r--',NULL);
INSERT INTO FILEVERSION VALUES('f55923dadd7bb9a41a2242886d9d69eee129baa3',1,4,'file5','FILE','NEW',1,TIMESTAMP_WITH_ZONE(1389540369),NULL,'f5efcd994fca895f644b0ccc362aba5d6f4ae0c6',TIMESTAMP_WITH_ZONE(1389540369),'rw-r--r--',NULL);
INSERT INTO FILEVERSION VALUES('fe64176e587bb2c6c01a65bcaf9bc8b9f1a54de4',1,27,'file28','FILE','NEW',1,TIMESTAMP_WITH_ZONE(1389540373),NULL,'c78ebd3c85a39a596d9f5cfd2b8d240bc1b9c125',TIMESTAMP_WITH_ZONE(1389540373),'rw-r--r--',NULL);
INSERT INTO MULTICHUNK VALUES('02b2c35b816adf3e576fb59a7902aef67c20ec74',36,123);
INSERT INTO MULTICHUNK VALUES('1395494917cc9d791ab94aa50493a903da89917e',21,123);
INSERT INTO MULTICHUNK VALUES('17a42ce1d17ed0c6fa1792de6e585e5f36fcdce5',47,123);
INSERT INTO MULTICHUNK VALUES('303cd52a163d2e743445e9ef2d60fe3052b2963a',8,123);
INSERT INTO MULTICHUNK VALUES('3db82df775355c29cdda03e1960ed65dc47e73fa',12,123);
INSERT INTO MULTICHUNK VALUES('41d5d9d9854d6a6d7eccd321d757e939f82045aa',34,123);
INSERT INTO MULTICHUNK VALUES('471f7547363d8bf95e28b96f2ae50947bcbc1c33',9,123);
INSERT INTO MULTICHUNK VALUES('48d6202386fe2eb9c5d571df2bf2c83bd7c2d780',13,123);
INSERT INTO MULTICHUNK VALUES('5887831c0354e987219cc580459dad3446f3613c',19,123);
INSERT INTO MULTICHUNK VALUES('5bcb3066282d03e34784d08a5f29591acfabe9f7',42,123);
INSERT INTO MULTICHUNK VALUES('64b04e5ed2f5470d39deec00c29c16102fcc9281',10,123);
INSERT INTO MULTICHUNK VALUES('6830fe9466f9cf44f13396affed82d53135d8767',14,123);
INSERT INTO MULTICHUNK VALUES('70a1f2813401ac1d04b384f64c5ec64bca4ce390',30,123);
INSERT INTO MULTICHUNK VALUES('71c9c3f38d14bb72525660988aab387545670b79',39,123);
INSERT INTO MULTICHUNK VALUES('731eced4cf9aee69c99fd73835838475644da34d',20,123);
INSERT INTO MULTICHUNK VALUES('7d12026978c65705a00d96ded82b6d6578afa9c5',3,123);
INSERT INTO MULTICHUNK VALUES('7de7119d60b3eea56e3c5e5f8e991d4e33b00c37',7,123);
INSERT INTO MULTICHUNK VALUES('7e55738972e4820e914971b843fbe4af8447599c',24,123);
INSERT INTO MULTICHUNK VALUES('8989fcac66b357af77ce56f754cf24c9cddd270d',49,123);
INSERT INTO MULTICHUNK VALUES('982e2a4d58cf9b18e71c335e0ba60596452a6c46',29,123);
INSERT INTO MULTICHUNK VALUES('a24411db2bdb3334547b489d7d6f9a2ac1a8543d',18,123);
INSERT INTO MULTICHUNK VALUES('ac1d89b3f57349edc6fe29f9bef1b0aeadf499a8',0,123);
INSERT INTO MULTICHUNK VALUES('aed9498971ec04b5ba104be80f56a13d8d8c94d1',44,123);
INSERT INTO MULTICHUNK VALUES('bf352d3f44054603b11c3a308cc794d182504557',17,123);
INSERT INTO MULTICHUNK VALUES('c1e03d1abe8d0d1143b545b700efcab233519188',28,123);
INSERT INTO MULTICHUNK VALUES('c45414a5c8cc3a1cc4bd37c68d129da63ae1f4d0',32,123);
INSERT INTO MULTICHUNK VALUES('c662c6a6f275459d9f00892fe23999e24f9d2c17',43,123);
INSERT INTO MULTICHUNK VALUES('c94b142fe607db41ee831e3754d0125376764b1f',4,123);
INSERT INTO MULTICHUNK VALUES('cf98aa608bdb96a2ac92b5ca2e51911cc7aefc6c',33,123);
INSERT INTO MULTICHUNK VALUES('d3205b6aa8a22c5a1563dd81a65e20dd84643723',31,123);
INSERT INTO MULTICHUNK VALUES('d4f621037414791f529c90dac1e898cdde128884',46,123);
INSERT INTO MULTICHUNK VALUES('d9d09de5d70616a798d14a4fbad33e94de3146a9',27,123);
INSERT INTO MULTICHUNK VALUES('db08c3e2d5a529f3bdc686f5f6dc45c4c0895d91',35,123);
INSERT INTO MULTICHUNK VALUES('db4a0c92614fc0d76bd8fc426b0647e5e31b44b4',23,123);
INSERT INTO MULTICHUNK VALUES('e2a3f6bea38fcc90a35654f3500333115cf67943',2,123);
INSERT INTO MULTICHUNK VALUES('e5c62378c7c4d99a84a186a41034c3dbf9a3ad7b',16,123);
INSERT INTO MULTICHUNK VALUES('f092d8d1b402164baf3332ee9c60f0cdbbe8708b',25,123);
INSERT INTO MULTICHUNK VALUES('f317f8de4248c39b929907a856fec349e3663d2e',41,123);
INSERT INTO MULTICHUNK VALUES('fcc1cc3c0e01b083c5d89a2df2b84c03708eb4cf',38,123);
INSERT INTO MULTICHUNK VALUES('ff02c9fc6f3a7f8349f7a970f0b33ddf295c985a',15,123);
INSERT INTO MULTICHUNK_CHUNK VALUES('02b2c35b816adf3e576fb59a7902aef67c20ec74','5e6f80a34a9798cafc6a5db96cc57ba4c4db59c2');
INSERT INTO MULTICHUNK_CHUNK VALUES('1395494917cc9d791ab94aa50493a903da89917e','77a55e8dd56f4428497116b91d4c0c3ba932425c');
INSERT INTO MULTICHUNK_CHUNK VALUES('17a42ce1d17ed0c6fa1792de6e585e5f36fcdce5','30140397fe38ee61f01eff44b5cfa48285e47889');
INSERT INTO MULTICHUNK_CHUNK VALUES('303cd52a163d2e743445e9ef2d60fe3052b2963a','8bf7b464aaa2c2b536aa1d76a1297c19155f5603');
INSERT INTO MULTICHUNK_CHUNK VALUES('3db82df775355c29cdda03e1960ed65dc47e73fa','a8abd012eb59b862bf9bc1ea443d2f35a1a2e222');
INSERT INTO MULTICHUNK_CHUNK VALUES('41d5d9d9854d6a6d7eccd321d757e939f82045aa','c4488af0c158e8c2832cb927cfb3ce534104cd1e');
INSERT INTO MULTICHUNK_CHUNK VALUES('471f7547363d8bf95e28b96f2ae50947bcbc1c33','42099b4af021e53fd8fd4e056c2568d7c2e3ffa8');
INSERT INTO MULTICHUNK_CHUNK VALUES('48d6202386fe2eb9c5d571df2bf2c83bd7c2d780','ab461f6b8a6842a473257a2561c1fbdf91bdfe77');
INSERT INTO MULTICHUNK_CHUNK VALUES('5887831c0354e987219cc580459dad3446f3613c','53a0acfad59379b3e050338bf9f23cfc172ee787');
INSERT INTO MULTICHUNK_CHUNK VALUES('5bcb3066282d03e34784d08a5f29591acfabe9f7','a42c6cf1de3abfdea9b95f34687cbbe92b9a7383');
INSERT INTO MULTICHUNK_CHUNK VALUES('64b04e5ed2f5470d39deec00c29c16102fcc9281','10687feb9716c9502d9a40fdfe3bb339055c8651');
INSERT INTO MULTICHUNK_CHUNK VALUES('6830fe9466f9cf44f13396affed82d53135d8767','b753d636f6ee46bb9242d01ff8b61f715e9a88c3');
INSERT INTO MULTICHUNK_CHUNK VALUES('70a1f2813401ac1d04b384f64c5ec64bca4ce390','13cba177bcfad90e7b3de70616b2e54ba4bb107f');
INSERT INTO MULTICHUNK_CHUNK VALUES('71c9c3f38d14bb72525660988aab387545670b79','d50591ff745cc83091f4ee12b2ee702cb24b0b45');
INSERT INTO MULTICHUNK_CHUNK VALUES('731eced4cf9aee69c99fd73835838475644da34d','d57a281360b0397e17fd449153eb58a47dd5b12c');
INSERT INTO MULTICHUNK_CHUNK VALUES('7d12026978c65705a00d96ded82b6d6578afa9c5','f11d1c80a3eeec16ed6079a52005d446886c3a4f');
INSERT INTO MULTICHUNK_CHUNK VALUES('7de7119d60b3eea56e3c5e5f8e991d4e33b00c37','64b68bf5b882b9bd0b37267287980ecfa0e44a85');
INSERT INTO MULTICHUNK_CHUNK VALUES('7e55738972e4820e914971b843fbe4af8447599c','c4ea21bb365bbeeaf5f2c654883e56d11e43c44e');
INSERT INTO MULTICHUNK_CHUNK VALUES('8989fcac66b357af77ce56f754cf24c9cddd270d','ca632d28f91c1b8d638df71525fe22fd2473af10');
INSERT INTO MULTICHUNK_CHUNK VALUES('982e2a4d58cf9b18e71c335e0ba60596452a6c46','c7da1ff95a25c353f1319604703e8bfd287ee1a1');
INSERT INTO MULTICHUNK_CHUNK VALUES('a24411db2bdb3334547b489d7d6f9a2ac1a8543d','1b6453892473a467d07372d45eb05abc2031647a');
INSERT INTO MULTICHUNK_CHUNK VALUES('ac1d89b3f57349edc6fe29f9bef1b0aeadf499a8','fe83f217d464f6fdfa5b2b1f87fe3a1a47371196');
INSERT INTO MULTICHUNK_CHUNK VALUES('aed9498971ec04b5ba104be80f56a13d8d8c94d1','c4dd3c8cdd8d7c95603dd67f1cd873d5f9148b29');
INSERT INTO MULTICHUNK_CHUNK VALUES('bf352d3f44054603b11c3a308cc794d182504557','1216aa524aef75e75aa9214fb78ad1ac3ba1e34b');
INSERT INTO MULTICHUNK_CHUNK VALUES('c1e03d1abe8d0d1143b545b700efcab233519188','320355ced694aa69924f6bb82e7b74f420303fd9');
INSERT INTO MULTICHUNK_CHUNK VALUES('c45414a5c8cc3a1cc4bd37c68d129da63ae1f4d0','e2415cb7f63df0c9de23362326ad3c37a9adfc96');
INSERT INTO MULTICHUNK_CHUNK VALUES('c662c6a6f275459d9f00892fe23999e24f9d2c17','897f9399aebb2b6163b8175b8e50c52b54aeda2d');
INSERT INTO MULTICHUNK_CHUNK VALUES('c94b142fe607db41ee831e3754d0125376764b1f','f5efcd994fca895f644b0ccc362aba5d6f4ae0c6');
INSERT INTO MULTICHUNK_CHUNK VALUES('cf98aa608bdb96a2ac92b5ca2e51911cc7aefc6c','d160e0986aca4714714a16f29ec605af90be704d');
INSERT INTO MULTICHUNK_CHUNK VALUES('d3205b6aa8a22c5a1563dd81a65e20dd84643723','d07e4bc786c88b8d2304f84c7db2098666f822c0');
INSERT INTO MULTICHUNK_CHUNK VALUES('d4f621037414791f529c90dac1e898cdde128884','3cdf2936da2fc556bfa533ab1eb59ce710ac80e5');
INSERT INTO MULTICHUNK_CHUNK VALUES('d9d09de5d70616a798d14a4fbad33e94de3146a9','c78ebd3c85a39a596d9f5cfd2b8d240bc1b9c125');
INSERT INTO MULTICHUNK_CHUNK VALUES('db08c3e2d5a529f3bdc686f5f6dc45c4c0895d91','19da91f2603889267dfd77786e07a5b8f067d62a');
INSERT INTO MULTICHUNK_CHUNK VALUES('db4a0c92614fc0d76bd8fc426b0647e5e31b44b4','3c363836cf4e16666669a25da280a1865c2d2874');
INSERT INTO MULTICHUNK_CHUNK VALUES('e2a3f6bea38fcc90a35654f3500333115cf67943','8ce24fc0ea8e685eb23bf6346713ad9fef920425');
INSERT INTO MULTICHUNK_CHUNK VALUES('e5c62378c7c4d99a84a186a41034c3dbf9a3ad7b','bf8b4530d8d246dd74ac53a13471bba17941dff7');
INSERT INTO MULTICHUNK_CHUNK VALUES('f092d8d1b402164baf3332ee9c60f0cdbbe8708b','a0f1490a20d0211c997b44bc357e1972deab8ae3');
INSERT INTO MULTICHUNK_CHUNK VALUES('f317f8de4248c39b929907a856fec349e3663d2e','953efe8f531a5a87f6d2d5a65b78b05e55599abc');
INSERT INTO MULTICHUNK_CHUNK VALUES('fcc1cc3c0e01b083c5d89a2df2b84c03708eb4cf','655f2b71ddfafbcbd5af517f02eb9386a2a7a2a1');
INSERT INTO MULTICHUNK_CHUNK VALUES('ff02c9fc6f3a7f8349f7a970f0b33ddf295c985a','05a79f06cf3f67f726dae68d18a2290f6c9a50c9');
